22203756,republican,It was a joy to wish Merry Christmas to fellow Hoosiers & join volunteers at @WheelerMission who remember it is in‚Ä¶ https://t.co/FCSmlMt8JZ
22203756,republican,Stopped by the @indgop State Committee to say thanks for their incredible win in November and to wish them a Merry‚Ä¶ https://t.co/mNki15RrBM
22203756,republican,Heading back home to Indiana after a productive day of transition meetings in Washington DC!
22203756,republican,Our prayers go out to the victims of today's terror attacks and their families. Those who employ violence to inspir‚Ä¶ https://t.co/6cLskguZRu
22203756,republican,I‚Äôm honored & humbled to be officially elected today as the next Vice President of the United States of America by the Electoral College.
22203756,republican,Congratulations to @RealDonaldTrump; officially elected President of the United States today by the Electoral College!
22203756,republican,Grateful for the opportunity to discuss foreign affairs w/ former Secretary of State Henry Kissinger at Trump Tower https://t.co/mSSK806x9p
22203756,republican,"RT @marc_lotter: ""Politics is the art of the possible..."" - Vice President-elect @mike_pence in this article by @time. https://t.co/09ZND2O‚Ä¶"
22203756,republican,"RT @realDonaldTrump: Thank you Alabama! From now on, it‚Äôs going to be #AmericaFirst. Our goal is to bring back that wonderful phrase: #Made‚Ä¶"
22203756,republican,RT @realDonaldTrump: Thank you Florida. My Administration will follow two simple rules: BUY AMERICAN and HIRE AMERICAN! #ICYMI- Watch: http‚Ä¶
22203756,republican,"Great crowd tonight in Orlando, Florida to see President-Elect @realDonaldTrump! #ThankYouTour2016 https://t.co/gopMPmSQJK"
22203756,republican,RT @marc_lotter: President-elect @realDonaldTrump & Vice President-elect @mike_pence are in Orlando tonight. Watch #ThankYouTour2016 https:‚Ä¶
22203756,republican,"Amazing view as we head to Orlando, FL to join President-elect @realDonaldTrump tonight during #ThankYouTour2016. https://t.co/tHEC4MFusH"
22203756,republican,Join us tonight in Orlando at the Central Florida Fairgrounds! #ThankYouTour2016 https://t.co/relByMnWYb
22203756,republican,Great catching up with @RandPaul this afternoon & discussing ways we can put Americans back to work! https://t.co/CCT57y1Eh4
22203756,republican,"RT @realDonaldTrump: Thank you Pennsylvania! Together, we are going to MAKE AMERICA GREAT AGAIN! Watch here: https://t.co/7R382qWfWS\n#Thank‚Ä¶"
22203756,republican,"The #ThankYouTour2016 rolls on. Incredible crowd tonight in Hershey, PA for @realDonaldTrump. Thank you for your su‚Ä¶ https://t.co/zGsFASpPRB"
22203756,republican,"RT @marc_lotter: Great crowd in Hershey, Pennsylvania to see President-elect @realDonaldTrump & Vice President-elect @mike_pence. https://t‚Ä¶"
22203756,republican,Productive summit today w/ @realDonaldTrump & tech leaders focused on job creation & innovation https://t.co/sizO8C83d6
22203756,republican,Thank you Wisconsin! Great to be  in the Badger State to celebrate @realDonaldTrump's victory w/ @PRyan &‚Ä¶ https://t.co/ymcN2q7dKq
22203756,republican,Busy morning at Trump Tower w/ announcement of Rex Tillerson as President-elect @realDonaldTrump nominee for Sec of‚Ä¶ https://t.co/0T8AzqjWcL
22203756,republican,Enjoyed meeting w/ @SenatorTimScott & African American business leaders from across the country this evening at Tru‚Ä¶ https://t.co/7NHscd74cD
22203756,republican,Just called retiring @indgop Chairman @jeffcardwell to congratulate him for leading our party to historic victories in 2016. Great job Jeff!
22203756,republican,Great to be at the 21st annual Governor's Luncheon for Scouting. Today is about investing in IN's future by helping‚Ä¶ https://t.co/joqPuH3fJT
22203756,republican,RT @GovPenceIN: Happy 200th birthday Indiana! Great to join Hoosiers from communities large & small across our great state this morning to‚Ä¶
22203756,republican,Congratulations to Senator-elect @JohnKennedyLA on his victory tonight in Louisiana. He will do great work in the Senate to #MAGA.
22203756,republican,"RT @GovPenceIN: Proud of @FirstLadyIN, the IN Bicentennial Commission and the many volunteers who brought about this extraordinary bicenten‚Ä¶"
22203756,republican,"RT @GovPenceIN: Great evening at the @Indiana2016 Bicentennial Gala! As we mark this historic year, I know #Indiana's best days are yet to‚Ä¶"
22203756,republican,"RT @GovPenceIN: We're proud today to join our next generation of Hoosiers to celebrate our beloved #Indiana on this historic, bicentennial‚Ä¶"
22203756,republican,Today we mark the bicentennial of the Great State of Indiana; 200 years a part of this more perfect union. https://t.co/gw5XtNu7Wl
22203756,republican,"Thanks to you Iowa, in 42 days @realDonaldTrump will be sworn in as the next President of the United States!‚Ä¶ https://t.co/UJ55CiWYiG"
22203756,republican,"TrumpForce 2 is headed back to Des Moines, Iowa. Join President-elect @realDonaldTrump and me tonight. Tickets https://t.co/7fEgGNOGN6"
22203756,republican,Saddened to hear of the passing of a  US hero/astronaut/statesman. His courage inspired a generation to explore & serve. Godspeed John Glenn
22203756,republican,"For updates on the upcoming inauguration of President-elect @realDonaldTrump, be sure to follow @TrumpInaugural."
22203756,republican,Good discussion w/ Exec Committee of @ShopFloorNAM discussing @realDonaldTrump plan to support & grow manufacturing‚Ä¶ https://t.co/ZYIx90zcGF
22203756,republican,"RT @realDonaldTrump: Join me tomorrow in Des Moines, Iowa with Vice President-Elect @mike_pence - at 7:00pm!\n#ThankYouTour2016 #MAGA\nhttps:‚Ä¶"
22203756,republican,Privileged to mark the 75th anniversary of the attack on Pearl Harbor w/ so many from the Greatest Generation. Hero‚Ä¶ https://t.co/ZzZ0bOIELP
22203756,republican,Humbled to join my friend @SenJohnMcCain & World War II veterans to commemorate the 75th anniversary of the attack‚Ä¶ https://t.co/oGwsbVxvhk
22203756,republican,Honored to address 100+ CEO's at @BizRoundtable about President-elect @realDonaldTrump plan to cut taxes & regulati‚Ä¶ https://t.co/45NDMThiwy
22203756,republican,"75 years ago today, paradise became a battlefield. America awakened. We honor those lost at Pearl Harbor & all who won a victory for freedom"
22203756,republican,Congratulations to President-elect @realDonaldTrump. @TIME 2016 Person of the Year! https://t.co/pHKhiy7ghZ
22203756,republican,Honored to have the opportunity to address the 2016 @Heritage President's Club Meeting. Thank you for your support! https://t.co/H5yxMnqvk4
22203756,republican,I'll be on the radio with @IngrahamAngle at 9:05 am EST talking about the Presidential transition.
22203756,republican,RT @marc_lotter: Vice President-elect @mike_pence is back on the curvy couch. Get the latest on the transition next on @foxandfriends. http‚Ä¶
22203756,republican,RT @marc_lotter: Vice President-elect @mike_pence will update @Morning_Joe on the transition at 7:30. https://t.co/WS8fNVWgoo
22203756,republican,"The @Colts are looking good so far! Great 1st half, hopefully we can keep this up #INDvsNYJ https://t.co/L4ZMEwR39B"
22203756,republican,Nomination of my friend @RealBenCarson for HUD Sec. will help strengthen communities and lead to an economic revival in our inner cities.
22203756,republican,Back at Trump Tower to start another busy week of transition meetings. https://t.co/NvhLvvsfT6
22203756,republican,RT @marc_lotter: VP-elect @mike_pence discusses President-elect @realDonaldTrump's transition and agenda to get our country moving on @Meet‚Ä¶
22203756,republican,RT @marc_lotter: Vice President-elect @mike_pence will be discussing the transition coming up on @ThisWeekABC with @GStephanopoulos. https:‚Ä¶
22203756,republican,"Louisiana helped send @realDonaldTrump to the WH on Nov 8, but we still have one more race to win. On Dec 10, let's‚Ä¶ https://t.co/120fn9jhgc"
22203756,republican,"Louisiana, today is the last day for early voting. Please join @realDonaldTrump & me in supporting @JohnKennedyLA f‚Ä¶ https://t.co/FX6L6jzIU6"
22203756,republican,Good crowd here in Louisiana to support the state's next US Senator @JohnKennedyLA. Watch the rally here. https://t.co/AiJbi5HEFe
22203756,republican,Great to back in Louisiana. Join me today at 1pm to help elect @JohnKennedyLA to the United States Senate. He will‚Ä¶ https://t.co/PYI6FhnUCu
22203756,republican,RT @GovPenceIN: Celebrating the holiday season at the Statehouse with a favorite tradition with Hoosier students‚Äîreading 'Twas the Night Be‚Ä¶
22203756,republican,RT @marc_lotter: Vice President-elect @mike_pence becomes 1st Indiana Governor since 1912 to certify Electoral College electors who will vo‚Ä¶
22203756,republican,"Incredible night in Cincinnati, Ohio at the first stop of the #ThankYouTour! https://t.co/KCuYUFYLfZ"
22203756,republican,"RT @marc_lotter: Vice President-elect @mike_pence talks about @Carrier decision to keep 1,000+ jobs in America tonight on @CBSEveningNews w‚Ä¶"
22203756,republican,"The American people voted for change last month, and even before taking office, @realDonaldTrump provided real lead‚Ä¶ https://t.co/gF7iJ5ELJl"
22203756,republican,Proud to welcome @realDonaldTrump back to the great state of Indiana! #carrier https://t.co/MK8v7LqQPE
22203756,republican,"Productive meetings w/ @SenateMajLdr, @SpeakerRyan and incoming WH Chief of Staff @Reince. Lots of work to do & we‚Ä¶ https://t.co/ek3zVHKrIl"
22203756,republican,Enjoyed discussion with Iowa Governor @TerryBranstad about the important role states will play in plan to Make Amer‚Ä¶ https://t.co/cE4llOpRqZ
22203756,republican,Great catching up today in the DC transition office with my good friend @CondoleezzaRice. https://t.co/Qd4K8BeVo2
22203756,republican,Join us tomorrow night in Cincinnati for the first stop on our Thank You Tour! https://t.co/WJIb0cL63w
22203756,republican,Looking forward to welcoming @realDonaldTrump to Indiana tomorrow afternoon for an exciting announcement at @Carrier!
22203756,republican,RT @marc_lotter: VP-elect @mike_pence talks about the transition & President-elect @realDonaldTrump's priorities in office tonight at 10pm‚Ä¶
22203756,republican,Back to work at Trump Tower. Busy morning with important announcements already & more to come. https://t.co/Clou1oQzli
22203756,republican,Our thoughts and prayers are with those recovering at Ohio State. Fast action by law enforcement saved many innocent lives today.
22203756,republican,"After a restful holiday with family, good to be back in New York for transition meetings today with President-elect‚Ä¶ https://t.co/DIAR9essvx"
22203756,republican,The tyrant #Castro is dead. New hope dawns. We will stand with the oppressed Cuban people for a free and democratic Cuba. Viva Cuba Libre!
22203756,republican,"Today, we give thanks for the many blessings in our lives: family, friends, freedom and faith. From our family to y‚Ä¶ https://t.co/uBGY6eRS76"
22203756,republican,"RT @realDonaldTrump: Let us give thanks for all that we have, and let us boldly face the exciting new frontiers that lie ahead. Happy Thank‚Ä¶"
22203756,republican,"Great to stop by @SecondHelpings this morning, an organization making a difference everyday in the Indy community: https://t.co/2rA4W2pWjH"
22203756,republican,"Inspiring to be w/ people who know the best way to give thanks is to give your time, treasure & talent to those in‚Ä¶ https://t.co/cxEy8rmgRB"
22203756,republican,Heading back home again to Indiana after another productive day for the @transition2017 team in New York City #MAGA
22203756,republican,I'll be on @seanhannity tonight at 10 pm ET talking about the Transition & @realDonaldTrump's policy plans for the first 100 days
22203756,republican,RT @transition2017: President-elect Trump shares an update on Transition & policy plans for the first 100 days. Watch here: https://t.co/eq‚Ä¶
22203756,republican,Productive day in Washington DC at our @transition2017 Headquarters. Looking forward to being in New York tomorrow! https://t.co/9L5Hx2qLO6
22203756,republican,I'll be on @FoxNewsSunday LIVE this morning at 9 am ET.
22203756,republican,Great day of meetings on Capitol Hill with House and Senate leadership talking about working together on a Trump ag‚Ä¶ https://t.co/spxPmoz6ro
22203756,republican,Great meeting w/ GOP Governors at @The_RGA discussing President-elect @realDonaldTrump plan to partner w/ states to‚Ä¶ https://t.co/OVmbkpoIYU
22203756,republican,RT @GovPenceIN: Welcomed Governor-elect @LGHolcomb to his future office. Looking forward to working with him as he takes IN to the next lev‚Ä¶
22203756,republican,"RT @GovPenceIN: Great to be back home again in IN, where I hosted a Cabinet meeting & discussed @LGHolcomb's seamless transition to the Gov‚Ä¶"
22203756,republican,"RT @GovPenceIN: .@LGHolcomb and I caught up with some students from Crestview Elementary School in Lawrence, IN as they toured the Statehou‚Ä¶"
22203756,republican,RT @GovPenceIN: Showing @LGHolcomb around his future office - including the incredible history behind the various portraits and paintings h‚Ä¶
22203756,republican,RT @GovPenceIN: I join you on this #VeteransDay to express sincere respect for all those who have worn the uniform of any branch of our nat‚Ä¶
22203756,republican,"RT @GovPenceIN: Humbled to be at Camp Atterbury this afternoon to reflect on the courage, valor, and devotion of our veterans https://t.co/‚Ä¶"
22203756,republican,We honor all those who have worn the uniform of the United States of America. Happy Veterans Day!
22203756,republican,"Grateful to be home with my wife Karen, daughter Charlotte & my mom. Wherever my duties take me as VP, my heart wil‚Ä¶ https://t.co/Tt4zGnyJQA"
22203756,republican,"Everything I am, everything I will ever be, I owe God, my parents, my family and the state of Indiana. Thank you fo‚Ä¶ https://t.co/vtE6Z2Catf"
22203756,republican,Thank you for the invitation. I appreciated the warm reception by you and your staff. https://t.co/EyUEVRTAtj
22203756,republican,Just spoke to @BorisJohnson. Discussed America's longstanding and close relationship with the UK. https://t.co/pxccvczzkE
22203756,republican,"Warm welcome from @SenateMajLdr this afternoon. We're eager to work alongside you as we strive for a safer, more pr‚Ä¶ https://t.co/WUB3INhDyC"
22203756,republican,Great meeting today with @SpeakerRyan at the Capitol. We look forward to partnering in the days ahead to‚Ä¶ https://t.co/RBULXYBqjp
22203756,republican,"We're boarding Trump Force 2 in NYC to depart for D.C. for the first time as Vice President-elect. Then, we'll head‚Ä¶ https://t.co/gj38qtxPok"
22203756,republican,"As the father of a Marine, I'm proud today to honor @USMC on 241 years of defending our freedom and this nation. #HappyBirthdayMarines"
22203756,republican,"Congratulations to my friend @HolcombForIN, Indiana's next great governor and the leader who will keep our state moving forward."
22203756,republican,Watching election returns with @realDonaldTrump in our HQ. #ElectionNight https://t.co/bfkBAerajN
22203756,republican,RT @realDonaldTrump: Watching the returns at 9:45pm. \n#ElectionNight #MAGAüá∫üá∏ https://t.co/HfuJeRZbod
22203756,republican,Thank you Indiana for making our state first on the board to vote to Make America Great Again! @realDonaldTrump
22203756,republican,RT @realDonaldTrump: Still time to #VoteTrump! \n#iVoted #ElectionNight https://t.co/UZtYAY1Ba6
22203756,republican,"RT @TeamTrump: ""America needs a turnaround, America needs a comeback, America needs a change."" - @realDonaldTrump #MAGA #ElectionDay https:‚Ä¶"
22203756,republican,"The outcome of this historic election rests in your hands. If you stand for a stronger America, cast your vote for‚Ä¶ https://t.co/z5bPwNvxKB"
22203756,republican,"RT @TeamTrump: What does electing @realDonaldTrump mean for you? Lower childcare expenses, lower taxes and more JOBS! #MAGA\nhttps://t.co/vm‚Ä¶"
22203756,republican,RT @realDonaldTrump: We need your vote. Go to the POLLS! Let's continue this MOVEMENT! Find your poll location: https://t.co/VMUdvi1tx1 #El‚Ä¶
22203756,republican,Trump Force 2 has landed in NYC! Thanks to everyone who has joined us on this journey. https://t.co/PRaQcEME2G
22203756,republican,"This Election Day, America is standing at the crossroads of history. RT this if you're voting for @realDonaldTrump.‚Ä¶ https://t.co/ts1BvntFmJ"
22203756,republican,RT @realDonaldTrump: TODAY WE MAKE AMERICA GREAT AGAIN!
22203756,republican,RT @marc_lotter: Gov @mike_pence & family boarding TrumpForce2 to New York City for Election Night! Great photo by @IndyStar. https://t.co/‚Ä¶
22203756,republican,"We've cast our vote. Have you? Find your polling place at https://t.co/XVvQccrKQo. If you do your part, we will‚Ä¶ https://t.co/oBVPPh4ejS"
22203756,republican,RT @realDonaldTrump: VOTE TODAY! Go to https://t.co/MXrAxYnTjY to find your polling location. We are going to Make America Great Again! #Vo‚Ä¶
22203756,republican,I'm joining @rushlimbaugh on air LIVE soon. Tune in! https://t.co/eY04SRu8TX
22203756,republican,Morning bike ride to kick off Election Day. Next stop -> the voting booth. https://t.co/xODnBXppWZ
22203756,republican,Join me LIVE soon this Election Day on @IngrahamAngle. Tune in: https://t.co/ZXqoQiZQZe
22203756,republican,"The polls are open in Indiana! Cast your vote for @realDonaldTrump, @HolcombForIN & @ToddYoungIN to move IN forward https://t.co/jHi7W06goa"
22203756,republican,Landed in Indy in time for Election Day. Great to be Back Home Again! https://t.co/iGExJ8OYlK
22203756,republican,"This is it. Grab your neighbors & friends and make plans to https://t.co/D7VLw4iK0O. If we each do our part, we wil‚Ä¶ https://t.co/TTCESBGwhq"
22203756,republican,"Join @realDonaldTrump and me LIVE soon in Grand Rapids, MI for our final rally of the campaign. WATCH: https://t.co/OjPPFZYwWV"
22203756,republican,"One rally to go. Look forward to getting back to Indiana to cast my vote for @realDonaldTrump, @HolcombForIN and‚Ä¶ https://t.co/ROVCqPlHUv"
22203756,republican,This movement in New Hampshire is ready to #MAGA! We'll see you at our next rally alongside @realDonaldTrump in Mic‚Ä¶ https://t.co/MpbLJUCWPX
22203756,republican,"Huge crowd gathered tonight at SNHU Arena in Manchester, NH for @realDonaldTrump! https://t.co/SvnB8xWHKm"
22203756,republican,RT @JordanKarem1: A special moment backstage as @mike_pence prepares for his final solo rally as candidate for VP. Tomorrow he will be Vice‚Ä¶
22203756,republican,"RT @marc_lotter: After nearly 130 solo rallies, Gov @mike_pence wraps up his last solo event the way so many others ended. #MAGA https://t.‚Ä¶"
22203756,republican,"And with that, our final solo rally of the campaign comes to a close. Tomorrow, we will #MakeAmericaGreatAgain. https://t.co/hNrGSZmWUe"
22203756,republican,"Last solo rally of the campaign at @PSBehrend in Erie, PA! With your vote, we are just 1 day away from the change A‚Ä¶ https://t.co/CpvTs3e7cT"
22203756,republican,"We're taking the stage at @PSBehrend in Erie, PA now. Watch LIVE: https://t.co/ujG7IRw44F https://t.co/ntYFtWrWVY"
22203756,republican,Thank you Traverse City! MI's ready to close the history book on the Clinton's corruption by sending‚Ä¶ https://t.co/I9eV01mTcl
22203756,republican,"We're taking the stage in Traverse City, MI now. Tune in LIVE: https://t.co/jYFU8M986V https://t.co/YaFMKwc7mw"
22203756,republican,The chill didn't keep our #TrumpPence16 supporters from rallying in Duluth! We have momentum here in Minnesota for‚Ä¶ https://t.co/fL5bZ7DLcc
22203756,republican,"MN is facing skyrocketing healthcare costs under Obamacare. @realDonaldTrump will repeal it lock, stock, and barrel: https://t.co/EymLfFNuLp"
22203756,republican,"Join us LIVE now from the airport hanger in Duluth, MN. WATCH: https://t.co/RcN0UMc4HE https://t.co/DBdtSxoJEO"
22203756,republican,"RT @marc_lotter: Good AM from Duluth, MN. Gov @mike_pence will hit 6 states in 24 hours talking about @realDonaldTrump plan to #MAGA. https‚Ä¶"
22203756,republican,"With just 1 day left in this race, we'll hit the road tomorrow in Minnesota, Michigan, Pennsylvania & New Hampshire: https://t.co/wnLfxW5H5C"
22203756,republican,Great crowd at our NH Get Out The Vote Rally at the Derry-Windham Campaign Office. We'll be back tomorrow in Manche‚Ä¶ https://t.co/vLxbs9UTlZ
22203756,republican,RT @marc_lotter: Gov @mike_pence: The American people have had enough of the fast & loose ethics of Bill & Hillary Clinton. https://t.co/KC‚Ä¶
22203756,republican,"Special guest @LaraLeaTrump joined my wife Karen and me tonight in Hickory, NC. This Election Day, we will‚Ä¶ https://t.co/jWy76raNBG"
22203756,republican,"Beautiful night in Hickory, NC! Under a POTUS @realDonaldTrump, we'll put conservative principles into practice to‚Ä¶ https://t.co/JSnrbOTsBa"
22203756,republican,We've touched down at Hickory Regional Airport in North Carolina. Join us LIVE now from the airport hanger:‚Ä¶ https://t.co/Dhey2JrvOg
22203756,republican,"Thank you, Panama City! @realDonaldTrump is leading the movement of the future. Florida is ready to‚Ä¶ https://t.co/luvIdNK82R"
22203756,republican,"Glad to spend a few minutes with FL's next Second District Congressman, Neal Dunn! We need conservative leaders lik‚Ä¶ https://t.co/dkwVFDcBSF"
22203756,republican,"Stopping in at Pier Park in Panama City Beach, FL to visit with folks enjoying the sunshine https://t.co/FrArDM5OsR"
22203756,republican,"We've landed in Panama City, FL! Tune in to our rally at 1pm CST: https://t.co/Nmw1ny7tXG https://t.co/DxFLTUOedL"
22203756,republican,Join us today for a Get Out The Vote Rally at the Derry-Windham Trump Campaign Office in NH. Doors open at 6:30pm: https://t.co/t6jlbd33Lu
22203756,republican,"Today, we're heading to NC to rally for @realDonaldTrump! Gates open at Hickory Regional Airport at 3pm. Tickets: https://t.co/CYMaQyddWX"
22203756,republican,RT @marc_lotter: Gov @mike_pence seizes on report Clinton asked maid to print classified information. https://t.co/unv8g8l9T7
22203756,republican,"We're wheels up to our rally in Panama City, FL! Doors open at the Edgewater Beach & Golf Resort at 11am. Join us: https://t.co/C8nUeCM0YE"
22203756,republican,RT @FoxNewsSunday: The GOP Vice Presidential Nominee -- Indiana Governor @Mike_Pence outlines their strategy to get to 270 on Tuesday night‚Ä¶
22203756,republican,RT @marc_lotter: BREAKING NEWS üö® Clinton Directed her Maid to Print Out Classified Materials. https://t.co/KtqYDvCxAh
22203756,republican,RT @marc_lotter: Gov @mike_pence sits down with @FoxNewsSunday to provide the latest on the presidential race. Tune in this morning.
22203756,republican,"Glad everybody's ok. Grateful for swift response of Secret Service & law enforcement. As @realDonaldTrump said, ""no‚Ä¶ https://t.co/sXE7YdT0u8"
22203756,republican,"We're back on the road tomorrow in Florida, North Carolina and New Hampshire. Join us: https://t.co/wnLfxW5H5C"
22203756,republican,"Honored to meet retired Lt. Col. Louis Dorfman, who gave @realDonaldTrump the Purple Heart he earned in combat. Tha‚Ä¶ https://t.co/mWz54UNjW5"
22203756,republican,"Huge crowd tonight at George Mason University! We're on the path to victory, and Virginia is ready for Election Day‚Ä¶ https://t.co/8GQoM0OjeH"
22203756,republican,"Karen rallies our overflow crowd at George Mason University in Fairfax, VA before taking the stage https://t.co/anG7aFz8pK"
22203756,republican,Overflow crowd. I can hear their excitement. Join me LIVE as I take the stage at George Mason University. Tune in: https://t.co/Ymq34XkczE
22203756,republican,"Conservative leaders like @RoyBluntMO will get this country back on track. Missouri, vote for Roy on Nov. 8th #MOSEN https://t.co/bj0y9Akwp2"
22203756,republican,Can't get to a volunteer office? Make calls from home for #TrumpPence16 this weekend. Join Trump Talk: https://t.co/KqFZbXvD14
22203756,republican,"Thank you to all of our hardworking volunteers phone banking in Richmond, VA! Every call brings us closer to Making‚Ä¶ https://t.co/IILqAqfL6t"
22203756,republican,"Join me tonight at George Mason University in Fairfax, VA. Doors open at 6pm. Tickets: https://t.co/ebguxvHhuK"
22203756,republican,"Republicans are coming home. With the support of @PRyan, @RonJohnsonWI, @ScottWalker and Republicans across the nat‚Ä¶ https://t.co/a5YmzChv2Z"
22203756,republican,Republicans are coming together in Wisconsin. Standing with @PRyan and conservative leaders to support Republicans‚Ä¶ https://t.co/4tzB4WzCcV
22203756,republican,"Great morning in Holland, MI! With just 3 days to go, we're heading to WI and VA to deliver our closing argument to‚Ä¶ https://t.co/Pdzw7wFv3S"
22203756,republican,RT @TheBrodyFile: #BNB with @mike_pence and his wife @FirstLadyIN on the campaign bus in Greenville North Carolina #700club #election2016 #‚Ä¶
22203756,republican,"We're back on the road tomorrow in Michigan, Wisconsin and Virginia. Join us: https://t.co/wnLfxW5H5C"
22203756,republican,Thank you Miami! A @realDonaldTrump administration will be on the side of freedom & a better life in this hemispher‚Ä¶ https://t.co/uqKuzdZCqX
22203756,republican,.@realDonaldTrump will repeal Obama's Executive Orders on Cuba & continue the embargo until there is real political & religious freedom
22203756,republican,Stopped by the world famous Cafe Versailles in Little Havana before our rally in Miami tonight #MAGA https://t.co/onSl2ViXRd
22203756,republican,Getting ready to join the @marklevinshow LIVE from the campaign trail. Tune in!
22203756,republican,Thank you Greenville! Great to have the 'Women for Trump' bus tour join us this afternoon at our rally as they cris‚Ä¶ https://t.co/DuogqOSsvS
22203756,republican,"RT @marc_lotter: Gov @mike_pence and Indiana First Lady Karen Pence boarding the campaign bus for a visit to Greenville, NC. https://t.co/z‚Ä¶"
22203756,republican,"Great to be in Lansing, Michigan! We're wheels up to Greenville for this afternoon's rally! https://t.co/mZ4DSEeg1c"
22203756,republican,"Wrapping a great day on the trail with @tedcruz! Join me tomorrow in Michigan, North Carolina and Florida. Tickets:‚Ä¶ https://t.co/WfJqf1Ev9Q"
22203756,republican,"Nice try Gov. Can't help you on Sunday, but we are so grateful for your support on Tuesday! #MAGA https://t.co/0POJmsu8tu"
22203756,republican,"Great rally in Pennsylvania! @realDonaldTrump will fight for a government of, by and for the people. We will‚Ä¶ https://t.co/DSPBGHnHpk"
22203756,republican,"RT @tedcruz: It‚Äôs all about turnout. Together, we‚Äôre going to keep GOP control of the Senate and defeat Hillary Clinton in this presidentia‚Ä¶"
22203756,republican,"Joining @tedcruz to stump for @realDonaldTrump at the @Air_Zoo in Kalamazoo, MI. This crowd is ready to‚Ä¶ https://t.co/lewSGsPlP4"
22203756,republican,So proud of my wife Karen introducing Melania who delivered a beautiful speech about the promise of America. Togeth‚Ä¶ https://t.co/OA9gj9Q7vt
22203756,republican,.@realDonaldTrump and I are grateful to stand shoulder-to-shoulder on the trail with one of America's great conserv‚Ä¶ https://t.co/KP9DCheTuS
22203756,republican,"Proud of Karen who today will be introducing our country's next First Lady, Melania Trump, in PA. Our nation is coming together to #MAGA."
22203756,republican,"Great rally in Prole, IA! At this important crossroads for our country, Republicans must choose the path in defense‚Ä¶ https://t.co/SXuidyFZBD"
22203756,republican,Excited to be campaigning w/ @tedcruz. It's time for Republicans to come home. Join us LIVE at the Bruere Farm in IA https://t.co/7CngZSX310
22203756,republican,"Join me on the campaign trail tomorrow with Senator @tedcruz in Prole, IA and Kalamazoo, MI. Tickets: https://t.co/wnLfxW5H5C"
22203756,republican,"Thank you Loveland, CO! A President @realDonaldTrump will push for bold change, powered by the people and their lov‚Ä¶ https://t.co/F0NqNr4HRT"
22203756,republican,"Our new ""Trump Force 2"" is sporting fresh paint and ready to help us make the final push to Election Day! Next stop‚Ä¶ https://t.co/fPtGImnraE"
22203756,republican,"We powered through the rain for another great rally in Las Cruces, NM! We're on the cusp of an incredible, historic‚Ä¶ https://t.co/UXcQbcOncR"
22203756,republican,"We've touched down in Las Cruces, NM! Join us LIVE from the airport hanger as we rally for @realDonaldTrump! Watch:‚Ä¶ https://t.co/pRj2HLeaR9"
22203756,republican,"#ICYMI I joined @rushlimbaugh from the campaign trail to discuss the state of the race. Catch it here: https://t.co/pwnepH1g4L"
22203756,republican,"Thank you Mesa, AZ! While @realDonaldTrump continues to climb in the polls, Americans are working hard to win back‚Ä¶ https://t.co/fEMjmLn3dA"
22203756,republican,"Great to be on stage with Arizona's great governor @dougducey at our #TrumpPence16 rally in Mesa, AZ! https://t.co/47unNRMhef"
22203756,republican,RT @marc_lotter: Gov @mike_pence will join @rushlimbaugh in a few minutes to give an update on the election. Listen in.
22203756,republican,"Our prayers are with the two fallen Iowa police officers, their families and law enforcement. Our first responders represent the best of us."
22203756,republican,RT @marc_lotter: Gov @mike_pence and @realDonaldTrump outline their plan to repeal and replace Obamacare. https://t.co/liQmPqe6p0
22203756,republican,"Tomorrow, we'll be on the road campaigning in Arizona, New Mexico and Colorado. Join us: https://t.co/wnLfxW5H5C"
22203756,republican,"What a crowd in Youngwood, PA! With just one week left in this race, this movement is stronger than ever before!‚Ä¶ https://t.co/e8RK7DaR4h"
22203756,republican,The choice in this election couldn‚Äôt be more clear. https://t.co/5veNPReOdj
22203756,republican,"RT @realDonaldTrump: #ICYMI: Governor @mike_pence and I were in Valley Forge, Pennsylvania today. You can watch it here: https://t.co/taVWw‚Ä¶"
22203756,republican,"With @HillaryClinton, we will get more of the same from the last 7.5 years‚Äîmore taxes, more spending, more regulati‚Ä¶ https://t.co/TgqEqsFKg8"
22203756,republican,Our next President and a Republican congress must lead the effort to bring much-needed free market reforms to the h‚Ä¶ https://t.co/PIiKPBagD0
22203756,republican,"Since 2010, Americans have been suffering under the economic burden of #Obamacare, with its runaway costs, higher premiums & fewer choices."
22203756,republican,"RT @TeamTrump: RT if you agree üëâ  ""It is time to END this government takeover of health care and START OVER with American solutions."" - @mi‚Ä¶"
22203756,republican,"RT @TeamTrump: ""What good is a healthcare plan if you can't afford to use it?"" - @mike_penceü§î"
22203756,republican,RT @DanScavino: LIVE on #Periscope: Our next Vice President of the United States of America- @mike_pence.#MAGA #VoteTrump16 https://t.co/Y0‚Ä¶
22203756,republican,Join @realDonaldTrump and me LIVE soon for a joint speech in Pennsylvania on #Obamacare. WATCH: https://t.co/jBw48YVv1c
22203756,republican,"Tomorrow, we are on the campaign trail in Pennsylvania! Join us for our stops in King of Prussia and Youngwood: https://t.co/wnLfxW5H5C"
22203756,republican,"These adorable trick-or-treaters joined us tonight at our rally in Clearwater, FL! Happy Halloween! https://t.co/GhutF5K10R"
22203756,republican,"Great rally in Clearwater! In 8 days, we are going to win Florida and we are going to win back the White House!‚Ä¶ https://t.co/YKooE37eSW"
22203756,republican,No power? No problem. This movement's incredible energy and a bullhorn were enough to power the night! Thank you Cl‚Ä¶ https://t.co/0qBRXMSLpz
22203756,republican,"Wheels down & onto the stage in Clearwater, FL! @realDonaldTrump is fighting for every American yearning for a bett‚Ä¶ https://t.co/F1rTPymBEL"
22203756,republican,RT @marc_lotter: Not even a power outage can stop this movement. People with their cellphone lights & a bull horn kept Gov @mike_pence goin‚Ä¶
22203756,republican,"Our tremendous movement to #MakeAmericaGreatAgain is making waves across the state of Florida! Thank you, Maitland! https://t.co/DAdf4IZ6JV"
22203756,republican,"Stopping in to see the folks in our overflow crowd in Maitland, FL. These supporters are fired up! Tune in:‚Ä¶ https://t.co/tlYT1uH39R"
22203756,republican,Thank you to the men and women of our law enforcement community in Florida and across the country! @realDonaldTrump‚Ä¶ https://t.co/vHmiJlpnOZ
22203756,republican,"Here on Florida's space coast, we're just 8 days away from blasting off to a great victory! @realDonaldTrump will l‚Ä¶ https://t.co/zg7Ni5uXUu"
22203756,republican,We‚Äôre going to relaunch the national space policy council headed by the Vice President of the United States of America.
22203756,republican,America must lead the way on the final frontier. We'll expand public-private partnerships and focus NASA's mission on deep space exploration
22203756,republican,.@realDonaldTrump and I have a plan to make the American space industry great again!
22203756,republican,"I'm taking the stage for our rally at the Space Coast Convention Center in Cocoa, FL. Tune in LIVE here:‚Ä¶ https://t.co/2jp2MTZCpL"
22203756,republican,Those were the days! Our family is wishing everyone a #HappyHalloween! https://t.co/YqdhVmLprM
22203756,republican,"Took this great shot of the team aboard Trump Force 2. With Election Day near, we're wheels up to Florida! Happy Ha‚Ä¶ https://t.co/eYcsaX8Mcs"
22203756,republican,"Tomorrow, we're headed to the Sunshine State! Tickets available for our rallies in Cocoa, Maitland and Clearwater: https://t.co/wnLfxW5H5C"
22203756,republican,"Under the proven leadership of @HolcombForIN, @CurtisHill_IN & @VoteForTrey, Indiana's success knows no bounds!‚Ä¶ https://t.co/PK94xtq8Kr"
22203756,republican,.@HolcombForIN will continue Indiana's forward momentum as the Hoosier state's next governor! Proud to campaign wit‚Ä¶ https://t.co/Ok6w83JMQk
22203756,republican,RT @TeamTrump: It is time to break with the bitter failures of the past! Get out and #VOTE for real CHANGE on November 8th! üëâ https://t.co/‚Ä¶
22203756,republican,"Great crowd in Rochester, NH! The voices in this movement represent a bright new future for our great nation.‚Ä¶ https://t.co/JNb8nCXrN5"
22203756,republican,Great to be back in NH! I'm taking the stage at our rally in Rochester soon. Tune in here: https://t.co/9VnfXHkv5b https://t.co/eP0b5DhER6
22203756,republican,Congratulations to those participating in today's @Marine_Marathon! #RunWithTheMarines https://t.co/dj8rMaIeLe
22203756,republican,RT @FaceTheNation: This morning: We're joined by @mike_pence to discuss the Trump-Pence strategy in the final countdown to November 8th.
22203756,republican,"RT @MeetThePress: Pence on #MTP: ""Why doesn't [Clinton] go ahead and release the 33k emails? The American people have a right to know."""
22203756,republican,Join me LIVE in studio on @MeetThePress with @chucktodd now! https://t.co/oJzEQcoelJ
22203756,republican,RT @marc_lotter: Gov @mike_pence will be speaking about campaign's growing momentum & latest Clinton scandals on @FoxNewsSunday. https://t.‚Ä¶
22203756,republican,"Looking forward to campaigning tomorrow for Indiana's next governor, @HolcombForIN! https://t.co/bacvWRXEQx"
22203756,republican,"Tune in tomorrow morning to @FoxNewsSunday, @MeetThePress, and @FaceTheNation as we discuss our momentum in the final stretch of the race."
22203756,republican,We're back on the campaign trail in New Hampshire tomorrow! Join us in Rochester at 1pm: https://t.co/qsHX0i81Xn https://t.co/4dQeeagE7e
22203756,republican,"Thank you Jacksonville, NC! With just 10 days to go, we've got momentum on our side. It's time to vote to‚Ä¶ https://t.co/Fyr2JDz0cY"
22203756,republican,RT @TeamTrump: We are fighting for every citizen who believes that government should serve the PEOPLE ‚Äì not the donors and special interest‚Ä¶
22203756,republican,"Wheels down in Jacksonville! North Carolina's ""stepping up"" to #MakeAmericaGreatAgain! https://t.co/8BTLCPCZqS"
22203756,republican,"Getting in the fall spirit with the folks of Bynum's Pumpkin Farm at a farmer's market in Raleigh, NC. https://t.co/Cai80Ixuvm"
22203756,republican,"We're stopping in at a farmer's market in Raleigh, NC to visit with folks and pick up pumpkins to display on Trump‚Ä¶ https://t.co/BzGx97ZhKt"
22203756,republican,Beautiful day to tailgate at the #BCvsNCSU game with @PatMcCroryNC at Carter-Finley Stadium in Raleigh! https://t.co/dO8KYv1Lor
22203756,republican,"Join us on the road today at our rally in Jacksonville, NC! Gates open at 1pm. Tickets: https://t.co/QRJgwS8KHY"
22203756,republican,".@PatMcCroryNC, @BurrForSenate & NC know that conservative principles work every time you put them into practice. T‚Ä¶ https://t.co/iQR0WINplG"
22203756,republican,"For her decades of self-dealing, pay-to-play and outright corruption, we must ensure that @HillaryClinton will never be elected POTUS!"
22203756,republican,.@realDonaldTrump and I commend the FBI for reopening an investigation into Clinton's personal email server because no one is above the law.
22203756,republican,"We're on the road, traveling to Smithfield, NC! Tune in here to join us LIVE tonight ‚Äî> https://t.co/Wom73QaQ7Z https://t.co/GWHSNX4VDx"
22203756,republican,"Millions of hardworking, patriotic Americans are joining in this movement to save our country. PA is ready to‚Ä¶ https://t.co/CXmM9ZjRNE"
22203756,republican,"With all of @HillaryClinton's swirling controversies, this election is about bigger things than her small ethics. Donald Trump will #MAGA."
22203756,republican,We call on the FBI to immediately release all emails pertinent to their investigation. Americans have the right to know before Election Day.
22203756,republican,"We're taking the stage in Bucks County, PA now. Tune in LIVE here ‚Äî> https://t.co/DZI8gWcvPM"
22203756,republican,Onward! We're back on the campaign trail today. Join us in Pennsylvania and North Carolina. Tickets:‚Ä¶ https://t.co/UYQYb9n1wi
22203756,republican,"RT @foxandfriends: .@mike_pence: The American people know we can be stronger and more prosperous, but they know it will take real change in‚Ä¶"
22203756,republican,"RT @foxandfriends: ""Since I joined this campaign, it's been 2-on-1 with the mainstream media doing most of Hillary Clinton's work for her.""‚Ä¶"
22203756,republican,We're on air with @foxandfriends now. Tune in LIVE! https://t.co/IFXaqxkptN
22203756,republican,RT @CNBC: LIVE on @CNBC now: Republican VP candidate @mike_pence joins @SquawkCNBC https://t.co/nNTAYie99V
22203756,republican,RT @CNBC: Coming up next on @CNBC: Republican vice presidential candidate @mike_pence joins the @SquawkCNBC team live. https://t.co/LUoMCxt‚Ä¶
22203756,republican,I'm on air with @Morning_Joe LIVE in studio soon. Tune in! https://t.co/nQBGv9HW79
22203756,republican,Join me on the \n@TODAYshow with @SavannahGuthrie and @MLauer this morning as we discuss the state of the race https://t.co/eDrJhnj41j
22203756,republican,"RT @GMA: WATCH: ""We're going to see an average 25% increase in premiums for Obamacare... that's jarring."" - Gov. @mike_pence https://t.co/d‚Ä¶"
22203756,republican,We're joining @CBSThisMorning LIVE in studio this morning. Tune in! https://t.co/Vz6cyhUBGA
22203756,republican,So thankful everyone on our plane is safe. Grateful for our first responders & the concern & prayers of so many. Back on the trail tomorrow!
22203756,republican,A ground hold at Laguardia led to some football on the tarmac in Iowa. #GameOn https://t.co/Xo89ozpQyB
22203756,republican,"RT @TeamTrump: .@realDonaldTrump is going to FIGHT to bring us all together as Americans, and we are going to #MakeAmericaGreatAgain! https‚Ä¶"
22203756,republican,"Great rally in Fort Dodge, IA! Our campaign is powered by our love for this country. This movement is ready to‚Ä¶ https://t.co/UgDVNcHGle"
22203756,republican,"This November, we're going to make this a country of, for, and by the people once again. Thank you, Omaha! #MAGA https://t.co/Zdgeu7395M"
22203756,republican,"Join us LIVE now at our campaign rally in Omaha, NE: https://t.co/Sn0CfrgVY4"
22203756,republican,RT @marc_lotter: Ron Fournier: Clinton Used Secret Server To Protect ‚ÄúCircle Of Enrichment‚Äù https://t.co/JgWMs2WQud via @youtube
22203756,republican,Join me on the campaign trail tomorrow in Nebraska and Iowa! Tickets: https://t.co/wnLfxW5H5C
22203756,republican,"Great rally in Colorado Springs! Together, we're making history. CO is working to bring us over the finish line thi‚Ä¶ https://t.co/LR2S4VRFbd"
22203756,republican,RT @marc_lotter: See Gov @mike_pence's message to Republicans & conservatives from Salt Lake City - time to come home. https://t.co/fzqGJPV‚Ä¶
22203756,republican,"Overflow crowd in Salt Lake City! With Utah's strong support this election, we will deliver a MASSIVE VICTORY for t‚Ä¶ https://t.co/9gTfrXtdop"
22203756,republican,We have a roaring crowd here in Salt Lake City! Utah is ready to #MakeAmericaGreatAgain! https://t.co/wqQ0V4g3xQ
22203756,republican,"My fellow Republicans and conservatives, it is time to come together as one voice. https://t.co/TAS92VLYBf"
22203756,republican,"I'm taking the stage soon at our rally in Salt Lake City, UT. Tune in LIVE: https://t.co/0Wc9QFgh5U https://t.co/Kpd4MPXCMz"
22203756,republican,"Heavy hearts today. Our beagle of 13 years passed away quietly last night. Rest In Peace, Maverick. We will miss yo‚Ä¶ https://t.co/elUeCzj5by"
22203756,republican,"A very talented #TrumpPence16 supporter in Reno, NV created this rally sign art for us. We've hung it up aboard Tru‚Ä¶ https://t.co/UQThVtghrF"
22203756,republican,"Great rally in Reno! In this final stretch of the campaign, we must do everything we can to elect @realDonaldTrump‚Ä¶ https://t.co/FpC4OywnA7"
22203756,republican,"The choice before us is clear. My fellow Republicans, it's time to come home. https://t.co/qFtetAlCi0"
22203756,republican,"RT @TeamTrump: ""Obamacare is literally disintegrating...We're going to repeal Obamacare lock stock and barrel."" - @mike_pence\nhttps://t.co/‚Ä¶"
22203756,republican,"With just 13 days to go, we're hitting the ground running. Join me on the trail today in Nevada, Utah and Colorado.‚Ä¶ https://t.co/R0FZSsKT3H"
22203756,republican,RT @marc_lotter: Gov @Mike_Pence: Obamacare Was Just a Down Payment to HillaryCare - Breitbart https://t.co/anpRSKaiRD
22203756,republican,"RT @marc_lotter: Gov @mike_pence & TrumpForce2 will hit all 4 time zones in continental US today; visiting NV, CO, UT & NE. Iowa and New Yo‚Ä¶"
22203756,republican,Reporters rolled a baseball up the cabin to ask about my #WorldSeries pick. They got my answer. https://t.co/jFpUtcR6BB
22203756,republican,"Thank you, Marietta! I have every confidence in our grassroots supporters here in Ohio to lead the way in electing‚Ä¶ https://t.co/BBqdjhM9je"
22203756,republican,Great rally in Ashland! This election will determine America's future for generations to come. Ohio knows we must e‚Ä¶ https://t.co/Jrz7EVHvNE
22203756,republican,RT @TeamTrump: Make sure to get out and #VOTE! We must stand UNITED to save our country and create a New American Future!\nhttps://t.co/vmaB‚Ä¶
22203756,republican,Thanking the airman of the Ohio Air National Guard in Mansfield for defending this nation at war and keeping us saf‚Ä¶ https://t.co/sBl2yXsfA6
22203756,republican,"With just two weeks left until Election Day, we're hitting the trail in battleground Ohio to bring this team to vic‚Ä¶ https://t.co/dbaOjcbjpS"
22203756,republican,Wheels down in Ohio! Tune into our rally now LIVE in Swanton: https://t.co/QSA34QFUin https://t.co/TocFLYRGHy
22203756,republican,"RT @FoxNews: .@mike_pence: ""What @realDonaldTrump laid out in Gettysburg is really what this election's all about: it's a choice between 2‚Ä¶"
22203756,republican,RT @marc_lotter: Gov @mike_pence on @seanhannity tonight. Tune in on @FoxNews. https://t.co/nFBmT5fQ1b
22203756,republican,"RT @realDonaldTrump: My contract with the American voter will restore honesty, accountability & CHANGE to Washington! #DrainTheSwamp https:‚Ä¶"
22203756,republican,"Join me on the campaign trail tomorrow in Ohio! Tickets are available for our stops in Swanton, Ashland & Marietta: https://t.co/wnLfxW5H5C"
22203756,republican,"Thank you Greensboro! @realDonaldTrump is winning hearts and minds every day. This November, NC's ready to send him‚Ä¶ https://t.co/v4utnispKR"
22203756,republican,It's time to come together to ensure that @HillaryClinton is never elected President of the United States. https://t.co/JZ2GMjIs35
22203756,republican,"Sitting down for some old-fashioned barbecue at Stamey's in Greensboro, NC https://t.co/jOyo0Dd75h"
22203756,republican,"Higher premiums, less competition & fewer choices lie ahead for Obamacare. @HillaryClinton wants more of the same. https://t.co/i7Y9rsfhHo"
22203756,republican,"Great rally at @CatawbaCollege! We're fighting to give every American, in every corner of this nation, the chance t‚Ä¶ https://t.co/lyWK20VMkz"
22203756,republican,Great to be back on the ground campaigning in North Carolina! We'll be rallying with voters in Salisbury and Greens‚Ä¶ https://t.co/uCNruffEMO
22203756,republican,RT @marc_lotter: Listen to @rushlimbaugh right now to hear his interview with Gov @mike_pence.
22203756,republican,RT @marc_lotter: MUST READ ‚ö†Ô∏èHillary Clinton State Department aide pleads the Fifth more than 90 times https://t.co/2MCnsdclPn via @DCExami‚Ä¶
22203756,republican,We're loaded up and headed to North Carolina! Join us on the road today. Tickets: https://t.co/wnLfxW5H5C https://t.co/D26g38LWaj
25073877,republican,The resolution being considered at the United Nations Security Council regarding Israel should be vetoed....cont: https://t.co/s8rXKKZNF1
25073877,republican,"I met some really great Air Force GENERALS and Navy ADMIRALS today, talking about airplane capability and pricing. Very impressive people!"
25073877,republican,I have not heard any of the pundits or commentators discussing the fact that I spent FAR LESS MONEY on the win than Hillary on the loss!
25073877,republican,"I would have done even better in the election, if that is possible, if the winner was based on popular vote - but would campaign differently"
25073877,republican,Campaigning to win the Electoral College is much more difficult & sophisticated than the popular vote. Hillary focused on the wrong states!
25073877,republican,"Yes, it is true - Carlos Slim, the great businessman from Mexico, called me about getting together for a meeting. We met, HE IS A GREAT GUY!"
25073877,republican,"especially how to get people, even with an unlimited budget, out to vote in the vital swing states ( and more). They focused on wrong states"
25073877,republican,"Bill Clinton stated that I called him after the election. Wrong, he called me (with a very nice congratulations). He ""doesn't know much"" ..."
25073877,republican,"""@mike_pence: Congratulations to @RealDonaldTrump; officially elected President of the United States today by the Electoral College!"""
25073877,republican,"""@Franklin_Graham: Congratulations to President-elect @realDonaldTrump--the electoral votes are in and it's official."" Thank you Franklin!"
25073877,republican,RT @DanScavino: #TrumpTrainüöÇüí®üá∫üá∏üá∫üá∏üá∫üá∏üá∫üá∏ https://t.co/qAQdBGEwSv
25073877,republican,"We did it! Thank you to all of my great supporters, we just officially won the election (despite all of the distorted and inaccurate media)."
25073877,republican,"Today there were terror attacks in Turkey, Switzerland and Germany - and it is only getting worse. The civilized world must change thinking!"
25073877,republican,"If my many supporters acted and threatened people like those who lost the election are doing, they would be scorned & called terrible names!"
25073877,republican,We should tell China that we don't want the drone they stole back.- let them keep it!
25073877,republican,"Thank you Alabama! From now on, it‚Äôs going to be #AmericaFirst. Our goal is to bring back that wonderful phrase:‚Ä¶ https://t.co/4UAazd7TmF"
25073877,republican,"RT @DanScavino: Join President-elect Trump LIVE from Mobile, Alabama via his #Facebook page! #ThankYouTour2016 \nWatch: https://t.co/btzN080‚Ä¶"
25073877,republican,China steals United States Navy research drone in international waters - rips it out of water and takes it to China in unprecedented act.
25073877,republican,"Mobile, Alabama today at 3:00 P.M. Last rally of the year - ""THANK YOU ALABAMA AND THE SOUTH"" Biggest of all crowds expected, see you there!"
25073877,republican,"""@EazyMF_E: @realDonaldTrump Many people are now saying you will be an extremely successful president! #MakeAmericaGreatAgain""  Thank you!"
25073877,republican,"Last night in Orlando, Florida, was incredible - massive crowd - THANK YOU FLORIDA! Today at 3:00 P.M. I will be in Alabama for last rally!"
25073877,republican,Thank you Florida. My Administration will follow two simple rules: BUY AMERICAN and HIRE AMERICAN! #ICYMI- Watch:‚Ä¶ https://t.co/3vgtzSJsFu
25073877,republican,"#ThankYouTour2016 \n\nTonight- Orlando, Florida \nTickets: https://t.co/JwQeccp79N\n\nTomorrow- Mobile, Alabama\nTickets:‚Ä¶ https://t.co/Cq5AwcuzT9"
25073877,republican,"Well, we all did it, together! I hope the ""MOVEMENT"" fans will go to D.C. on Jan 20th for the swearing in. Let's set the all time record!"
25073877,republican,Are we talking about the same cyberattack where it was revealed that head of the DNC illegally gave Hillary the questions to the debate?
25073877,republican,"Thank you Pennsylvania! Together, we are going to MAKE AMERICA GREAT AGAIN! Watch here: https://t.co/7R382qWfWS‚Ä¶ https://t.co/yB6u5FEfHq"
25073877,republican,"Join me in Mobile, Alabama on Sat. at 3pm! #ThankYouTour2016 \nTickets: https://t.co/GGgbjl8Zo6 https://t.co/opKrWO4k0C"
25073877,republican,"If Russia, or some other entity, was hacking, why did the White House wait so long to act? Why did they only complain after Hillary lost?"
25073877,republican,"The media tries so hard to make my move to the White House, as it pertains to my business, so complex - when actually it isn't!"
25073877,republican,"Thank you to Time Magazine and Financial Times for naming me ""Person of the Year"" - a great honor!"
25073877,republican,"Has anyone looked at the really poor numbers of @VanityFair Magazine. Way down, big trouble, dead! Graydon Carter, no talent, will be out!"
25073877,republican,.@BillGates and @JimBrownNFL32 in my Trump Tower office yesterday- two great guys! https://t.co/4PjSOEU5y9
25073877,republican,"Thank you Wisconsin! My Administration will be focused on three very important words: jobs, jobs, jobs! Watch:‚Ä¶ https://t.co/iEGWZLuiFE"
25073877,republican,"RT @DanScavino: Join #PEOTUS Trump & #VPEOTUS Pence live in West Allis, Wisconsin! \n#ThankYouTour2016 #MAGA\nhttps://t.co/vU5EPIYKUc https:/‚Ä¶"
25073877,republican,"Join me this Saturday at Ladd‚ÄìPeebles Stadium in Mobile, Alabama! \n#ThankYouTour2016 \n\nTickets:‚Ä¶ https://t.co/1RFmKCMgyw"
25073877,republican,The thing I like best about Rex Tillerson is that he has vast experience at dealing successfully with all types of foreign governments.
25073877,republican,Wisconsin and Pennsylvania have just certified my wins in those states. I actually picked up additional votes!
25073877,republican,"I have chosen one of the truly great business leaders of the world, Rex Tillerson, Chairman and CEO of ExxonMobil, to be Secretary of State."
25073877,republican,"I will hold a press conference in the near future to discuss the business, Cabinet picks and all other topics of interest. Busy times!"
25073877,republican,"Presidency. Two of my children, Don and Eric, plus executives, will manage them. No new deals will be done during my term(s) in office."
25073877,republican,"Even though I am not mandated by law to do so, I will be leaving my busineses before January 20th so that I can focus full time on the......"
25073877,republican,I will be making my announcement on the next Secretary of State tomorrow morning.
25073877,republican,The final Wisconsin vote is in and guess what - we just picked up an additional 131 votes. The Dems and Green Party can now rest. Scam!
25073877,republican,"#ThankYouTour2016 \n\nTue: West Allis, WI. \n\nThur: Hershey, PA. \n\nFri: Orlando, FL. \n\nSat: Mobile, AL. \n\nTickets:‚Ä¶ https://t.co/OJ8S7iVzFx"
25073877,republican,The F-35 program and cost is out of control. Billions of dollars can and will be saved on military (and other) purchases after January 20th.
25073877,republican,"Unless you catch ""hackers"" in the act, it is very hard to determine who was doing the hacking. Why wasn't this brought up before election?"
25073877,republican,Can you imagine if the election results were the opposite and WE tried to play the Russia/CIA card. It would be called conspiracy theory!
25073877,republican,"Just watched @NBCNightlyNews - So biased, inaccurate and bad, point after point. Just can't get much worse, although @CNN is right up there!"
25073877,republican,Will be interviewed on @FoxNews at 10:00 P.M. Enjoy!
25073877,republican,"Whether I choose him or not for ""State""- Rex Tillerson, the Chairman & CEO of ExxonMobil, is a world class player and dealmaker. Stay tuned!"
25073877,republican,"I spent Friday campaigning with John Kennedy, of the Great State of Louisiana, for the U.S.Senate. The election is over - JOHN WON!"
25073877,republican,"Being at the Army - Navy Game was fantastic. There is nothing like the spirit in that stadium. A wonderful experience, and congrats to Army!"
25073877,republican,I will be interviewed today on Fox News Sunday with Chris Wallace at 10:00 (Eastern) Network. ENJOY!
25073877,republican,RT @FoxNewsSunday: Sunday-- our exclusive interview with President-elect @realDonaldTrump \nWatch on @FoxNews at 2p/10p ET \nCheck your local‚Ä¶
25073877,republican,October 2015 - thanks Chris Wallace @FoxNewsSunday! https://t.co/VEsgPcWq7z
25073877,republican,RT @TrumpInaugural: Counting down the days until the swearing in of @realDonaldTrump & @mike_pence. Check in here for the latest updates. #‚Ä¶
25073877,republican,"A very interesting read. Unfortunately, so much is true.\nhttps://t.co/ER2BoM765M"
25073877,republican,"Reports by @CNN that I will be working on The Apprentice during my Presidency, even part time, are ridiculous & untrue - FAKE NEWS!"
25073877,republican,"As a show of support for our Armed Forces, I will be going to The Army-Navy Game today. Looking forward to it, should be fun!"
25073877,republican,I have NOTHING to do with The Apprentice except for fact that I conceived it with Mark B & have a big stake in it. Will devote ZERO TIME!
25073877,republican,".@RudyGiuliani, one of the finest people I know and a former GREAT Mayor of N.Y.C., just took himself out of consideration for ""State""."
25073877,republican,"Thank you Michigan. We are going to bring back your jobs & together, we will MAKE AMERICA GREAT AGAIN!\nWatch:‚Ä¶ https://t.co/EyLOo26FqW"
25073877,republican,Thank you Louisiana! Get out & vote for John Kennedy tomorrow. Electing Kennedy will help enact our agenda on behal‚Ä¶ https://t.co/sHXeyreEZI
25073877,republican,"Join me live in Louisiana! Tomorrow, we need you to go to the polls & send John Kennedy to the U.S. Senate. https://t.co/O0jtz0BKeL"
25073877,republican,THANK YOU IOWA!\n#ThankYouTour2016 https://t.co/v6EB2OQMeO
25073877,republican,"Join me tomorrow! #MAGA \n10am- Baton Rouge, LA. \nTickets: https://t.co/rvIQ6Yq45P\n7pm- Grand Rapids, MI.\nTickets: https://t.co/2UTwAg5V87"
25073877,republican,"On my way to Des Moines, Iowa- will see you soon with @mike_pence. Join us! Tickets: https://t.co/1IuRTVwMSx #ThankYouTour2016"
25073877,republican,Today we lost a great pioneer of air and space in John Glenn. He was a hero and inspired generations of future explorers. He will be missed.
25073877,republican,"If United Steelworkers 1999 was any good, they would have kept those jobs in Indiana. Spend more time working-less time talking. Reduce dues"
25073877,republican,"Chuck Jones, who is President of United Steelworkers 1999, has done a terrible job representing workers. No wonder companies flee country!"
25073877,republican,"Join me tomorrow in Des Moines, Iowa with Vice President-Elect @mike_pence - at 7:00pm!\n#ThankYouTour2016 #MAGA‚Ä¶ https://t.co/Geq6sT70IT"
25073877,republican,"We pause today to remember the 2,403 American heroes who selflessly gave their lives at Pearl Harbor 75 years ago...\nhttps://t.co/r5eRLR24Q3"
25073877,republican,I will be interviewed on the @TODAYshow at 7:30. Enjoy!
25073877,republican,"A great night in Fayetteville, North Carolina. Thank you! #ICYMI watch here: https://t.co/ZAuTgxKPpb https://t.co/EF9xRWmciA"
25073877,republican,"Departing New York with General James 'Mad Dog' Mattis for tonight's rally in Fayetteville, North Carolina! See you‚Ä¶ https://t.co/Z8sgJBWI09"
25073877,republican,Masa said he would never do this had we (Trump) not won the election!
25073877,republican,"Masa (SoftBank) of Japan has agreed to invest $50 billion in the U.S. toward businesses and 50,000 new jobs...."
25073877,republican,"Join me tonight in Fayetteville, North Carolina at 7pm! \n#ThankYouTour2016 \nTickets: https://t.co/79AHq3NC0v https://t.co/KoZCE7JeG7"
25073877,republican,"Boeing is building a brand new 747 Air Force One for future presidents, but costs are out of control, more than $4 billion. Cancel order!"
25073877,republican,"#ThankYouTour2016 \n\n12/6- North Carolina\nhttps://t.co/79AHq3NC0v\n\n12/8- Iowa\nhttps://t.co/1IuRTVwMSx\n\n12/9- Michiga‚Ä¶ https://t.co/vcQaIJ8qoB"
25073877,republican,"If the press would cover me accurately & honorably, I would have far less reason to ""tweet."" Sadly, I don't know if that will ever happen!"
25073877,republican,I am thrilled to nominate Dr. @RealBenCarson as our next Secretary of the US Dept. of Housing and Urban Development‚Ä¶ https://t.co/OJKuDFhP3r
25073877,republican,their country (the U.S. doesn't tax them) or to build a massive military complex in the middle of the South China Sea?  I don't think so!
25073877,republican,"Did China ask us if it was OK to devalue their currency (making it hard for our companies to compete), heavily tax our products going into.."
25073877,republican,".@FoxNews will be re-running ""Objectified: Donald Trump,"" the ratings hit produced by the great Harvey Levin of TMZ, at 8:00 P.M. Enjoy!"
25073877,republican,The Green Party just dropped its recount suit in Pennsylvania and is losing votes in Wisconsin recount. Just a Stein scam to raise money!
25073877,republican,expensive mistake! THE UNITED STATES IS OPEN FOR BUSINESS
25073877,republican,"these companies are able to move between all 50 states, with no tax or tariff being charged. Please be forewarned prior to making a very ..."
25073877,republican,"wanting to sell their product, cars, A.C. units etc., back across the border. This tax will make leaving financially difficult, but....."
25073877,republican,"without retribution or consequence, is WRONG! There will be a tax on our soon to be strong border of 35% for these companies ......"
25073877,republican,"fires its employees, builds a new factory or plant in the other country, and then thinks it will sell its product back into the U.S.  ......"
25073877,republican,"The U.S. is going to substantialy reduce taxes and regulations on businesses, but any business that leaves our country for another country,"
25073877,republican,"Just tried watching Saturday Night Live - unwatchable! Totally biased, not funny and the Baldwin impersonation just can't get any worse. Sad"
25073877,republican,"Our great VPE, @mike_pence, is in Louisiana campaigning for John Kennedy for US Senate. John will be a tremendous help to us in Washington."
25073877,republican,State Treasurer John Kennedy is my choice for US Senator from Louisiana. Early voting today; election next Saturday.
25073877,republican,"""@TigerWoods: Can‚Äôt wait to get back out there and mix it up with the boys. ‚ÄìTW #heroworldchallenge"" Great to have you back Tiger - Special!"
25073877,republican,Rexnord of Indiana is moving to Mexico and rather viciously firing all of its 300 workers. This is happening all over our country. No more!
25073877,republican,Interesting how the U.S. sells Taiwan billions of dollars of military equipment but I should not accept a congratulatory call.
25073877,republican,The President of Taiwan CALLED ME today to wish me congratulations on winning the Presidency. Thank you!
25073877,republican,"Thank you Ohio! Together, we made history ‚Äì and now, the real work begins. America will start winning again!‚Ä¶ https://t.co/sVNSNJE7Uf"
25073877,republican,"Heading to U.S. Bank Arena in Cincinnati, Ohio for a 7pm rally. \nJoin me! Tickets: https://t.co/HiWqZvHv6M"
25073877,republican,Getting ready to leave for the Great State of Indiana and meet the hard working and wonderful people of Carrier A.C.
25073877,republican,My thoughts and prayers are with those affected by the tragic storms and tornadoes in the Southeastern United States. Stay safe!
25073877,republican,Look forward to going to Indiana tomorrow in order to be with the great workers of Carrier. They will sell many air conditioners!
25073877,republican,'Donald Trump is already helping the working class' https://t.co/GTuNcQhLYx
25073877,republican,RT @DanScavino: Great interview on @foxandfriends by @SteveDoocy w/ Carrier employee- who has a message for #PEOTUS @realDonaldTrump & #VPE‚Ä¶
25073877,republican,"'President-elect Donald J. Trump today announced his intent to nominate Steven Mnuchin, Wilbur Ross & Todd Ricketts‚Ä¶ https://t.co/cEBxoWsnYp"
25073877,republican,"Join me in Cincinnati, Ohio tomorrow evening at 7:00pm. I am grateful for all of your support. THANK YOU!\nTickets:‚Ä¶ https://t.co/51Emq7Tffa"
25073877,republican,"Hence, legal documents are being crafted which take me completely out of business operations. The Presidency is a far more important task!"
25073877,republican,"do this under the law, I feel it is visually important, as President,  to in no way have a conflict of interest with my various businesses.."
25073877,republican,great business in total in order to fully focus on running the country in order to MAKE AMERICA GREAT AGAIN! While I am not mandated to ....
25073877,republican,I will be holding a major news conference in New York City with my children on December 15 to discuss the fact that I will be leaving my ...
25073877,republican,ISIS is taking credit for the terrible stabbing attack at Ohio State University by a Somali refugee who should not have been in our country.
25073877,republican,Big day on Thursday for Indiana and the great workers of that wonderful state.We will keep our companies and jobs in the U.S. Thanks Carrier
25073877,republican,I will be going to Indiana on Thursday to make a major announcement concerning Carrier A.C. staying in Indianapolis. Great deal for workers!
25073877,republican,'President-Elect Donald J. Trump Nominates Elaine Chao as Secretary of the Department of Transportation'\nhttps://t.co/5FMGdhAZxB
25073877,republican,'President-Elect Donald J. Trump Intends to Nominate Congressman Tom Price and Seema Verma.'\nhttps://t.co/ZTh5cuY26Z https://t.co/twIgAKJs3s
25073877,republican,"RT @DanScavino: Back to Cincinnati, Ohio this Thursday (12/1/16) at 7pm for #PEOTUS @realDonaldTrump's #ThankYouTour2016! Join us!\nhttps://‚Ä¶"
25073877,republican,My thoughts and prayers are with the great people of Tennessee during these terrible wildfires. Stay safe!
25073877,republican,"Nobody should be allowed to burn the American flag - if they do, there must be consequences - perhaps loss of citizenship or year in jail!"
25073877,republican,"I thought that @CNN would get better after they failed so badly in their support of Hillary Clinton however, since election, they are worse!"
25073877,republican,The Great State of Michigan was just certified as a Trump WIN giving all of our MAKE AMERICA GREAT AGAIN supporters another victory - 306!
25073877,republican,".@CNN is so embarrassed by their total  (100%) support of Hillary Clinton, and yet her loss in a landslide, that they don't know what to do."
25073877,republican,"""@sdcritic:  @HighonHillcrest @jeffzeleny @CNN There is NO QUESTION THAT #voterfraud did take place, and in favor of #CorruptHillary !"""
25073877,republican,"""@FiIibuster: @jeffzeleny Pathetic - you have no sufficient evidence that Donald Trump did not suffer from voter fraud, shame! Bad reporter."
25073877,republican,"""@JoeBowman12: @jeffzeleny just another generic CNN part time wannabe journalist !""  @CNN still doesn't get it. They will never learn!"
25073877,republican,"""@HighonHillcrest: @jeffzeleny what PROOF do u have DonaldTrump did not suffer from millions of FRAUD votes? Journalist? Do your job! @CNN"""
25073877,republican,Just met with General Petraeus--was very impressed!
25073877,republican,"If Cuba is unwilling to make a better deal for the Cuban people, the Cuban/American people and the U.S. as a whole, I will terminate deal."
25073877,republican,"Serious voter fraud in Virginia, New Hampshire and California - so why isn't the media reporting on this? Serious bias - big problem!"
25073877,republican,states instead of the 15 states that I visited. I would have won even more easily and convincingly (but smaller states are forgotten)!
25073877,republican,It would have been much easier for me to win the so-called popular vote than the Electoral College in that I would only campaign in 3 or 4--
25073877,republican,"In addition to winning the Electoral College in a landslide, I won the popular vote if you deduct the millions of people who voted illegally"
25073877,republican,"Trump is going to be our President. We owe him an open mind and the chance to lead."" So much time and money will be spent - same result! Sad"
25073877,republican,"this election. That is a direct threat to our democracy."" She then said, ""We have to accept the results and look to the future, Donald --"
25073877,republican,"of position."" Then, separately she stated, ""He said something truly horrifying ... he refused to say that he would respect the results of --"
25073877,republican,"during a general election. I, for one, am appalled that somebody that is the nominee of one of our two major parties would take that kind --"
25073877,republican,"and fair elections. We've accepted the outcomes when we may not have liked them, and that is what must be expected of anyone standing on a -"
25073877,republican,"Hillary's debate answer on delay: ""That is horrifying. That is not the way our democracy works. Been around for 240 years. We've had free --"
25073877,republican,Hillary Clinton conceded the election when she called me just prior to the victory speech and after the results were in. Nothing will change
25073877,republican,"The Democrats, when they incorrectly thought they were going to win, asked that the election night tabulation be accepted. Not so anymore!"
25073877,republican,The Green Party scam to fill up their coffers by asking for impossible recounts is now being joined by the badly defeated & demoralized Dems
25073877,republican,Fidel Castro is dead!
25073877,republican,"I am working hard, even on Thanksgiving, trying to get Carrier A.C. Company to stay in the U.S. (Indiana). MAKING PROGRESS - Will know soon!"
25073877,republican,"Happy Thanksgiving to everyone. We will, together, MAKE AMERICA GREAT AGAIN!"
25073877,republican,"Let us give thanks for all that we have, and let us boldly face the exciting new frontiers that lie ahead. Happy Th‚Ä¶ https://t.co/RY9mGGjrXm"
25073877,republican,Bus crash in Tennessee so sad & so terrible. Condolences to all family members and loved ones. These beautiful children will be remembered!
25073877,republican,I am seriously considering Dr. Ben Carson as the head of HUD. I've gotten to know him well--he's a greatly talented person who loves people!
25073877,republican,The meeting with the @nytimes is back on at 12:30 today. Look forward to it!
25073877,republican,"'Jeff Sessions, a Fitting Selection for Attorney General'\nhttps://t.co/LjKTkAZSFy"
25073877,republican,'President-elect Donald J. Trump's CIA Director Garners Praise'\nhttps://t.co/UFdLWtwBEQ https://t.co/MrPaG7OziQ
25073877,republican,Great meetings will take place today at Trump Tower concerning the formation of the people who will run our government for the next 8 years.
25073877,republican,The failing @nytimes just announced that complaints about them are at a 15 year high. I can fully understand that - but why announce?
25073877,republican,Perhaps a new meeting will be set up with the @nytimes. In the meantime they continue to cover me inaccurately and with a nasty tone!
25073877,republican,I cancelled today's meeting with the failing @nytimes when the terms and conditions of the meeting were changed at the last moment. Not nice
25073877,republican,Many people would like to see @Nigel_Farage represent Great Britain as their Ambassador to the United States. He would do a great job!
25073877,republican,Prior to the election it was well known that I have interests in properties all over the world.Only the crooked media makes this a big deal!
25073877,republican,.@transition2017 update and policy plans for the first 100 days. https://t.co/HTgPXfPWeJ
25073877,republican,I have always had a good relationship with Chuck Schumer. He is far smarter than Harry R and has the ability to get things done. Good news!
25073877,republican,"General James ""Mad Dog"" Mattis, who is being considered for Secretary of Defense, was very impressive yesterday. A true General's General!"
25073877,republican,"I watched parts of @nbcsnl Saturday Night Live last night. It is a totally one-sided, biased show - nothing funny at all. Equal time for us?"
25073877,republican,Numerous patriots will be coming to Bedminster today as I continue to fill out the various positions necessary to MAKE AMERICA GREAT AGAIN!
25073877,republican,"The cast and producers of Hamilton, which I hear is highly overrated, should immediately apologize to Mike Pence for their terrible behavior"
25073877,republican,"The Theater must always be a safe and special place.The cast of Hamilton was very rude last night to a very good man, Mike Pence. Apologize!"
25073877,republican,"Our wonderful future V.P. Mike Pence was harassed last night at the theater by the cast of Hamilton, cameras blazing.This should not happen!"
25073877,republican,The ONLY bad thing about winning the Presidency is that I did not have the time to go through a long but winning trial on Trump U. Too bad!
25073877,republican,I settled the Trump University lawsuit for a small fraction of the potential award because as President I have to focus on our country.
25073877,republican,Will be working all weekend in choosing the great men and women who will be helping to MAKE AMERICA GREAT AGAIN!
25073877,republican,"RT @transition2017: President-elect Trump announces selections for Attorney General, National Security Advisor, CIA Director. More here: ht‚Ä¶"
25073877,republican,I worked hard with Bill Ford to keep the Lincoln plant in Kentucky. I owed it to the great State of Kentucky for their confidence in me!
25073877,republican,"Just got a call from my friend Bill Ford, Chairman of Ford, who advised me that he will be keeping the Lincoln plant in Kentucky - no Mexico"
25073877,republican,"My transition team, which is working long hours and doing a fantastic job, will be seeing many great candidates today. #MAGA"
25073877,republican,"Australia, New Zealand, and more. I am always available to them. @nytimes is just upset that they looked like fools in their coverage of me."
25073877,republican,"I have recieved and taken calls from many foreign leaders despite what the failing @nytimes said. Russia, U.K., China, Saudi Arabia, Japan,"
25073877,republican,"The failing @nytimes story is so totally wrong on transition. It is going so smoothly. Also, I have spoken to many foreign leaders."
25073877,republican,"I am not trying to get ""top level security clearance"" for my children. This was a typically false news story."
25073877,republican,Very organized process taking place as I decide on Cabinet and many other positions. I am the only one who knows who the finalists are!
25073877,republican,"The Electoral College is actually genius in that it brings all states, including the smaller ones, into play. Campaigning is much different!"
25073877,republican,If the election were based on total popular vote I would have campaigned in  N.Y. Florida and California and won even bigger and more easily
25073877,republican,"The debates, especially the second and third, plus speeches and intensity of the large rallies, plus OUR GREAT SUPPORTERS, gave us the win!"
25073877,republican,I will be interviewed on @60Minutes tonight after the NFL game - 7:00 P.M. Enjoy!
25073877,republican,"The @nytimes states today that DJT believes ""more countries should acquire nuclear weapons."" How dishonest are they. I never said this!"
25073877,republican,"Governor John Kasich of the GREAT, GREAT, GREAT State of Ohio called to congratulate me on the win. The people of Ohio were incredible!"
25073877,republican,"Jeb Bush, George W and George H.W. all called to express their best wishes on the win. Very nice!"
25073877,republican,Mitt Romney called to congratulate me on the win. Very nice!
25073877,republican,The @nytimes sent a letter to their subscribers apologizing for their BAD coverage of me. I wonder if it will change - doubt it?
25073877,republican,"Wow, the @nytimes is losing thousands of subscribers because of their very poor and highly inaccurate coverage of the ""Trump phenomena"""
25073877,republican,"This will prove to be a great time in the lives of ALL Americans. We will unite and we will win, win, win!"
25073877,republican,Today we express our deepest gratitude to all those who have served in our armed forces. #ThankAVet https://t.co/wPk7QWpK8Z
25073877,republican,Busy day planned in New York. Will soon be making some very important decisions on the people who will be running our government!
25073877,republican,Love the fact that the small groups of protesters last night have passion for our great country. We will all come together and be proud!
25073877,republican,"Just had a very open and successful presidential election. Now professional protesters, incited by the media, are protesting. Very unfair!"
25073877,republican,"A fantastic day in D.C. Met with President Obama for first time. Really good meeting, great chemistry. Melania liked Mrs. O a lot!"
25073877,republican,Happy 241st birthday to the U.S. Marine Corps! Thank you for your service!! https://t.co/Lz2dhrXzo4
25073877,republican,Such a beautiful and important evening! The forgotten man and woman will never be forgotten again. We will all come together as never before
25073877,republican,Watching the returns at 9:45pm. \n#ElectionNight #MAGAüá∫üá∏ https://t.co/HfuJeRZbod
25073877,republican,RT @IvankaTrump: Such a surreal moment to vote for my father for President of the United States! Make your voice heard and vote! #Election2‚Ä¶
25073877,republican,RT @EricTrump: Join my family in this incredible movement to #MakeAmericaGreatAgain!! Now it is up to you! Please #VOTE for America! https:‚Ä¶
25073877,republican,RT @DonaldJTrumpJr: FINAL PUSH! Eric and I doing dozens of radio interviews. We can win this thing! GET OUT AND VOTE! #MAGA #ElectionDay ht‚Ä¶
25073877,republican,Still time to #VoteTrump! \n#iVoted #ElectionNight https://t.co/UZtYAY1Ba6
25073877,republican,"Don't let up, keep getting out to vote - this election is FAR FROM OVER! We are doing well but there is much time left. GO FLORIDA!"
25073877,republican,"Just out according to @CNN: ""Utah officials report voting machine problems across entire country"""
25073877,republican,I will be watching the election results from Trump Tower in Manhattan with my family and friends. Very exciting!
25073877,republican,"#ElectionDay https://t.co/MXrAxYnTjY https://t.co/FZhOncih21"
25073877,republican,We need your vote. Go to the POLLS! Let's continue this MOVEMENT! Find your poll location: https://t.co/VMUdvi1tx1‚Ä¶ https://t.co/zGOx74Ebhw
25073877,republican,VOTE TODAY! Go to https://t.co/MXrAxYnTjY to find your polling location. We are going to Make America Great Again!‚Ä¶ https://t.co/KPQ5EY9VwQ
25073877,republican,TODAY WE MAKE AMERICA GREAT AGAIN!
25073877,republican,Today we are going to win the great state of MICHIGAN and we are going to WIN back the White House! Thank you MI!‚Ä¶ https://t.co/onRpEvzHrW
25073877,republican,RT @DonaldJTrumpJr: Thanks New Hampshire!!! \n#NH #NewHampshire #MAGA https://t.co/JDgcyJvJpk
25073877,republican,RT @detroitnews: .@IvankaTrump in Michigan: ‚ÄòThis is your movement‚Äô https://t.co/0Sa7huoOP1  @realDonaldTrump https://t.co/cMXEqSHuDj
25073877,republican,"Unbelievable evening in New Hampshire - THANK YOU! Flying to Grand Rapids, Michigan now. \nWatch NH rally here:‚Ä¶ https://t.co/hP88anrfgk"
25073877,republican,Big news to share in New Hampshire tonight! Polls looking great! See you soon.
25073877,republican,"Today in Florida, I pledged to stand with the people of Cuba and Venezuela in their fight against oppression- cont: https://t.co/8eELqk2wUw"
25073877,republican,Thank you Pennsylvania! Going to New Hampshire now and on to Michigan. Watch PA rally here: https://t.co/d29DLINGst‚Ä¶ https://t.co/zcH9crFIKM
25073877,republican,LIVE on #Periscope: Join me for a few minutes in Pennsylvania. Get out & VOTE tomorrow. LETS #MAGA!! https://t.co/Ej0LmMK3YU
25073877,republican,Hey Missouri let's defeat Crooked Hillary & @koster4missouri! Koster supports Obamacare & amnesty! Vote outsider Navy SEAL @EricGreitens!
25073877,republican,"'America must decide between failed policies or fresh perspective, a corrupt system or an outsider'\nhttps://t.co/ll8QIW9SqW"
25073877,republican,'What I Like About Trump ... and Why You Need to Vote for Him'\nhttps://t.co/6rVuDUehZq
25073877,republican,'Why Trump' https://t.co/RpwIYB7aOV
25073877,republican,I love you North Carolina- thank you for your amazing support! Get out and https://t.co/HfihPERFgZ tomorrow!\nWatch:‚Ä¶ https://t.co/jZzfqUZNYh
25073877,republican,On my way! https://t.co/6L2ILD6r8h
25073877,republican,Just landed in North Carolina- heading to the J.S. Dorton Arena. See you all soon! Lets #MakeAmericaGreatAgain! https://t.co/EUo0keWX1Y
25073877,republican,"Starting tomorrow it's going to be #AmericaFirst! Thank you for a great morning Sarasota, Florida!\nWatch here:‚Ä¶ https://t.co/ig62Kjkkvl"
25073877,republican,Thank you for you support Virginia! In ONE DAY - get out and #VoteTrumpPence16! #ICYMI: https://t.co/Nid8qcFTwY https://t.co/WOsEcjM8sm
25073877,republican,Thank you Pennsylvania- I am forever grateful for your amazing support. Lets MAKE AMERICA GREAT AGAIN! #MAGA‚Ä¶ https://t.co/qbcJZAzw6z
25073877,republican,Thank you Michigan! This is a MOVEMENT that will never be seen again- it's our last chance to #DrainTheSwamp! Watch‚Ä¶ https://t.co/cSdGkCFYRL
25073877,republican,"Our American comeback story begins 11/8/16. Together, we will MAKE AMERICA SAFE & GREAT again for everyone! Watch:‚Ä¶ https://t.co/ek8Cn3CgTr"
25073877,republican,Thank you Minnesota! It is time to #DrainTheSwamp & #MAGA! \n#ICYMI- watch: https://t.co/fVThC7yIL6 https://t.co/e8SaXiJrxj
25073877,republican,"MONDAY - 11/7/2016\n\nScranton, Pennsylvania at 5:30pm.\nhttps://t.co/BcErCtsPdF\n\nGrand Rapids, Michigan at 11pm.‚Ä¶ https://t.co/pgFMLp0173"
25073877,republican,Thank you Iowa - Get out & #VoteTrumpPence16! \nhttps://t.co/HfihPERFgZ https://t.co/QsukELQmKb
25073877,republican,RT @IvankaTrump: Thank you New Hampshire! üá∫üá∏ https://t.co/pdnxXq2jgy
25073877,republican,Van Jones: ‚ÄòThere Is A Crack in the Blue Wall‚Äô ‚Äî It Has to Do With Trade: https://t.co/BvEF9cC7o7
25073877,republican,"Great night in Denver, Colorado- thank you! Together, we will MAKE AMERICA GREAT AGAIN! \n#ICYMI watch rally here:‚Ä¶ https://t.co/LbvNHo6T2k"
25073877,republican,"RT @DanScavino: Join @realDonaldTrump LIVE in Denver, Colorado via his #Facebook page- we are here!!\n#MakeAmericaGreatAgainüá∫üá∏  \nhttps://t.c‚Ä¶"
25073877,republican,"Thank you Reno, Nevada. \nNOTHING will stop us in our quest to MAKE AMERICA SAFE AND GREAT AGAIN! #AmericaFirst‚Ä¶ https://t.co/A4eeHoCbGS"
25073877,republican,"Join me live in Reno, Nevada!\nhttps://t.co/T4bf1hrxaA https://t.co/EPqRXHa1CM"
25073877,republican,JOIN ME TOMORROW!\nMINNESOTA ‚Ä¢ 2pm\nhttps://t.co/WcgLh4prS7\n\nMICHIGAN ‚Ä¢ 6pm\nhttps://t.co/9BqGVKNNrt\n\nVIRGINIA ‚Ä¢ 9:30p‚Ä¶ https://t.co/A1oVhCrT6t
25073877,republican,"#DrainTheSwamp!\nhttps://t.co/z68vGp9Bvf"
25073877,republican,"Top Clinton Aides Bemoan Campaign ‚ÄòAll Tactics,‚Äô No Vision: https://t.co/mHYvQtIq78"
25073877,republican,‚ÄòMust Act Immediately‚Äô: Clinton Charity Lawyer Told Execs They Were Breaking The Law\nhttps://t.co/hsi4qhqTV1
25073877,republican,Watch Coach Mike Ditka- a great guy and supporter tonight at 8pmE on #WattersWorld with @jessebwatters @FoxNews.
25073877,republican,"Thank you Wilmington, North Carolina. We are 3 days away from the CHANGE you've been waiting for your entire life!‚Ä¶ https://t.co/6ZJZRBfLST"
25073877,republican,"Thank you for the incredible support this morning Tampa, Florida! #ICYMI- watch here: https://t.co/q43kHf7MoE https://t.co/1GscFNaV4L"
25073877,republican,"Join me in Denver, Colorado tonight at 9:30pm: https://t.co/LJYGIK7Mri\n\nNEW- Scranton, Pennsylvania Monday @ 5:30pm: https://t.co/BcErCtsPdF"
25073877,republican,MAKE AMERICA GREAT AGAIN!
25073877,republican,"Thank you Hershey, Pennsylvania. Get out & VOTE on November 8th & we will #MAGA! #RallyForRiley \n#ICYMI, watch here‚Ä¶ https://t.co/maWukVBTr8"
25073877,republican,"Join me in Denver, Colorado tomorrow at 9:30pm!\nTickets: https://t.co/LJYGIK7Mri"
25073877,republican,"Join me live in Hershey, Pennsylvania! \n#MakeAmericaGreatAgain \nLIVE: https://t.co/xEj6sZpb12 https://t.co/JWfGI1vlwW"
25073877,republican,The only thing that can stop this corrupt machine is YOU. The only force strong enough to save our country is US.‚Ä¶ https://t.co/7dcSHOkuzc
25073877,republican,Thank you Ohio! VOTE so we can replace Obamacare and save healthcare for every family in the United States! Watch:‚Ä¶ https://t.co/7CH8ZnGdOa
25073877,republican,"Join me live in Wilmington, Ohio!\nhttps://t.co/nQ2p4EulLu"
25073877,republican,"If Obama worked as hard on straightening out our country as he has trying to protect and elect Hillary, we would all be much better off!"
25073877,republican,"'ICE OFFICERS WARN HILLARY IMMIGRATION PLAN WILL UNLEASH GANGS, CARTELS & DRUG VIOLENCE NATIONWIDE'‚Ä¶ https://t.co/09aSrBwQrv"
25073877,republican,"Thank you NH! We will end illegal immigration, stop the drugs, deport all criminal aliens&save American lives! Watc‚Ä¶ https://t.co/uxcazVkb32"
25073877,republican,Clinton Aides: ‚ÄòDefinitely‚Äô Not Releasing Some HRC Emails:\nhttps://t.co/GY5pGKaDoW
25073877,republican,RT @TeamTrump: Mrs. Saucier's son is in prison for having classified info on an unsecured device. @HillaryClinton did FAR WORSE & is runnin‚Ä¶
25073877,republican,"""The Clinton Campaign at Obama Justice"" #DrainTheSwamp\nhttps://t.co/LZkvFc071z"
25073877,republican,"Join me today in Wilmington, Ohio at 4pm: https://t.co/eCLECMkYLw\n\nTomorrow- Tampa, Florida at 10am: https://t.co/N9380pVmuM"
25073877,republican,"There is no challenge too great, no dream outside of our reach! Thank you Selma, North Carolina!\n#ICYMI, watch here‚Ä¶ https://t.co/8uIrhgYRsl"
25073877,republican,"RT @PaulaReidCBS: .@CBSNews confirms FBI found emails on #AnthonyWeiner computer, related to Hillary Clinton server, that are ""new"" & not p‚Ä¶"
25073877,republican,"Join me in Wilmington, Ohio tomorrow at 4:00pm! It is time to #DrainTheSwamp! Tickets: https://t.co/eCLECM3nmW https://t.co/sb5irRxjxJ"
25073877,republican,"#CrookedHillary is unfit to serve. https://t.co/bSuGvInNF1"
25073877,republican,"Thank you Concord, North Carolina! When WE win on November 8th, we are going to Washington, D.C. and we are going t‚Ä¶ https://t.co/7j4MBn1Waf"
25073877,republican,"Watching my beautiful wife, Melania, speak about our love of country and family. We will make you all very proud.‚Ä¶ https://t.co/DiKmSnTlC2"
25073877,republican,Looking at Air Force One @ MIA. Why is he campaigning instead of creating jobs & fixing Obamacare? Get back to work for the American people!
25073877,republican,"ObamaCare is a total disaster. Hillary Clinton wants to save it by making it even more expensive. Doesn't work, I will REPEAL AND REPLACE!"
25073877,republican,"My wife, Melania, will be speaking in Pennsylvania this afternoon. So exciting, big crowds! I will be watching from North Carolina."
25073877,republican,Thank you Arlene! We will MAKE AMERICA SAFE AND GREAT AGAIN! \n#ImWithYou #DrainTheSwamp \nhttps://t.co/tSI0YP2LL9
25073877,republican,RT @T_Lineberger: Thanks @IvankaTrump for coming to help win Michigan! More people here than a Hillary rally with less than 24 hours notice‚Ä¶
25073877,republican,"#MakeAmericaGreatAgain #6Days https://t.co/eHTGIEpFsm"
25073877,republican,"Thank you Orlando, Florida! We are just six days away from delivering justice for every forgotten man, woman and ch‚Ä¶ https://t.co/LPXBQZ5AXt"
25073877,republican,"After decades of lies and scandal, Crooked Hillary's corruption is closing in. #DrainTheSwamp! https://t.co/YivCacmkKq"
25073877,republican,Clinton camp fumed when surrogate told supporters Clinton planned to betray labor on TPP post-election: \nhttps://t.co/ZZjbGDZP7e
25073877,republican,"""It pays to have friends in high places- like the Justice Department. Clearly the Clintons do."" \n#DrainTheSwamp! https://t.co/KZXB4B156M"
25073877,republican,"Thank you Miami! In 6 days, we are going to WIN the GREAT STATE of FLORIDA - and we are going to win back the White‚Ä¶ https://t.co/MKYPOp0MeD"
25073877,republican,Praying for the families of the two Iowa police who were ambushed this morning. An attack on those who keep us safe is an attack on us all.
25073877,republican,"""@PYNance: Evangelical women live at #trumptower @pdpryor1 @CissieGLynch @SaysGabrielle https://t.co/k5kGXPR2WA"""
25073877,republican,"""@Ravenrantz: #Billygraham's grand daughter #SupportsTrump https://t.co/sKz1SPHzDZ""  So nice, thank you Cissy Graham Lynch!!!!"
25073877,republican,"Crooked Hillary Clinton deleted 33,000 e-mails AFTER they were subpoenaed by the United States Congress. Guilty - cannot run. Rigged system!"
25073877,republican,"I am going to repeal and replace ObamaCare. We will have MUCH less expensive and MUCH better healthcare. With Hillary, costs will triple!"
25073877,republican,"You can change your vote in six states. So, now that you see that Hillary was a big mistake, change your vote to MAKE AMERICA GREAT AGAIN!"
25073877,republican,Join me in Florida tomorrow!\n\nMIAMI‚Ä¢12pm\nhttps://t.co/A3X71Q6sG2\n\nORLANDO‚Ä¢4pm\nhttps://t.co/6BqTVoty5C\n\nPENSACOLA‚Ä¢7p‚Ä¶ https://t.co/kEQuuJeO1B
25073877,republican,Thank you for your incredible support Wisconsin and Governor @ScottWalker! It is time to #DrainTheSwamp & #MAGA!‚Ä¶ https://t.co/gKBkKmTudn
25073877,republican,"RT @DanScavino: Join @realDonaldTrump LIVE in Wisconsin with Gov. @ScottWalker, @MayorRGiuliani, @Reince & Coach Bobby Knight! LIVE: https:‚Ä¶"
25073877,republican,WikiLeaks emails reveal Podesta urging Clinton camp to 'dump' emails. \nTime to #DrainTheSwamp!\nhttps://t.co/P3ajiACiXK
25073877,republican,'Podesta urged Clinton team to hand over emails after use of private server emerged' https://t.co/NYvVmoA8wl
25073877,republican,Mika Brzezinski: Dem Criticism of Comey Reinforcing Idea ‚ÄòThere‚Äôs Something There'\nhttps://t.co/EvBp0xESPN https://t.co/QIDBiDpat8
25073877,republican,Hillary Advisers Wanted Her To Avoid Supporting Israel When Talking To Democrats: https://t.co/y7m8iVU173
25073877,republican,Trump promises special session to repeal Obamacare: https://t.co/wTCd108yrV
25073877,republican,'Kept me out of jail': Top DOJ official involved in Clinton probe represented her campaign chairman: https://t.co/QUZn97CEOq
25073877,republican,.@DarrellIssa is a very good man. Help him win his congressional seat in California.
25073877,republican,"#ICYMI: Governor @mike_pence and I were in Valley Forge, Pennsylvania today. You can watch it here:‚Ä¶ https://t.co/6GWgmCV23Z"
25073877,republican,"So terrible that Crooked didn't report she got the debate questions from Donna Brazile, if that were me it would have been front page news!"
25073877,republican,JOIN ME TOMORROW IN FLORIDA!\n\nMIAMI‚Ä¢12pm\nhttps://t.co/A3X71Q6sG2\n\nORLANDO‚Ä¢4pm\nhttps://t.co/6BqTVoty5C\n\nPENSACOLA‚Ä¢7p‚Ä¶ https://t.co/kNzrAeuLZO
25073877,republican,"Crooked Hillary should not be allowed to run for president. She deleted 33,000 e-mails AFTER getting a subpoena from U.S. Congress. RIGGED!"
25073877,republican,"Wow, now leading in @ABC /@washingtonpost Poll 46 to 45. Gone up 12 points in two weeks, mostly before the Crooked Hillary blow-up!"
25073877,republican,Look at the way Crooked Hillary is handling the e-mail case and the total mess she is in. She is unfit to be president. Bad judgement!
25073877,republican,"Wow! I hear you Warren, Michigan. Streaming live - join us America. It is time to DRAIN THE SWAMP!\nWatch: https://t.co/pjXELwc5E1"
25073877,republican,"#ObamacareFail #HillarycareFail https://t.co/gaXOWVI0Xa"
25073877,republican,"Thank you Grand Rapids, Michigan! #ICYMI- watch: https://t.co/2mDQCs6coB https://t.co/gN7BYfLD9K"
